,rating,usefulCount,coolCount,funnyCount,reviewLength,sentimentPolarity,sentimentSubjectivity
rating,1.0,0.014571738239397633,0.09892749164347517,-0.018665404818292906,-0.034552577080909926,0.41270175245242147,0.10894190245568372
usefulCount,0.014571738239397633,1.0,0.8633600211965617,0.7303886135097561,0.34570463736474805,-0.08904889032773415,-0.05185957878900439
coolCount,0.09892749164347517,0.8633600211965617,1.0,0.801886460852855,0.2940574487034919,-0.05012701753852237,-0.037381482315623375
funnyCount,-0.018665404818292906,0.7303886135097561,0.801886460852855,1.0,0.25347548235912803,-0.10426330182281093,-0.044907015003472425
reviewLength,-0.034552577080909926,0.34570463736474805,0.2940574487034919,0.25347548235912803,1.0,-0.16545426107333178,-0.08953192924707065
sentimentPolarity,0.41270175245242147,-0.08904889032773415,-0.05012701753852237,-0.10426330182281093,-0.16545426107333178,1.0,0.32114056096514776
sentimentSubjectivity,0.10894190245568372,-0.05185957878900439,-0.037381482315623375,-0.044907015003472425,-0.08953192924707065,0.32114056096514776,1.0
